MFCCs_1,MFCCs_2,MFCCs_3,MFCCs_4,MFCCs_5,MFCCs_6,MFCCs_7,MFCCs_8,MFCCs_9,MFCCs_10,MFCCs_11,MFCCs_12,MFCCs_13,MFCCs_14,MFCCs_15,MFCCs_16,MFCCs_17,MFCCs_18,MFCCs_19,MFCCs_20,MFCCs_21,MFCCs_22,Family,Genus,Species,RecordID
1,0.152936298220384,-0.105585902844019,0.200721914808566,0.317201062343259,0.260763853131077,0.100944640810053,-0.150062604917616,-0.17112763198601,0.124676436148438,0.188654145822323,-0.0756217229244772,-0.156435925226375,0.0822451152835443,0.135752042383891,-0.0240166450287792,-0.108351107221198,-0.0776225214037558,-0.00956780151914234,0.0576839754007957,0.118680135068692,0.0140384456733697,Leptodactylidae,Adenomera,AdenomeraAndre,1
1,0.171534257314109,-0.0989747371205295,0.268425220827017,0.338671862995453,0.268353099863332,0.0608350871920449,-0.222474640379244,-0.207692670568256,0.170882873543032,0.27095827998887,-0.0950039445276873,-0.254341468381362,0.0227862345814336,0.163320101050209,0.0120222808645159,-0.0909740108032878,-0.0565095219192882,-0.035303356812479,0.0201399631478018,0.0822629868835422,0.0290557421631693,Leptodactylidae,Adenomera,AdenomeraAndre,1
1,0.218420978133277,-0.171868578852314,0.228288057855444,0.434187945555009,0.237385366472083,-0.146441219550929,-0.204766227664086,0.079477436605554,0.259756165491043,0.0595303790540524,-0.206110160138161,-0.160711600229716,0.115502291648025,0.267931967446631,0.0835171884778997,-0.147260908381513,-0.170957963996653,-0.0297927028465031,0.106555889981702,0.0818681065820092,-0.0032749060767567,Dendrobatidae,Ameerega,Ameeregatrivittata,10
1,0.25661740394658,-0.120558671569487,0.243049045256073,0.417458849079958,0.230227604194606,-0.148473988708847,-0.160152418992907,0.124028250724543,0.240646032039362,0.0733010204750059,-0.16661073673138,-0.135885216691847,0.129184980901969,0.231296784182142,0.0185998540991955,-0.11931314362165,-0.0798894982722799,0.0533701376607843,0.0605664912391388,-0.0101063035923297,-0.0579401953457064,Dendrobatidae,Ameerega,Ameeregatrivittata,10
1,0.426861445654413,0.0825254385971846,0.0554916612818256,0.081432101027529,0.107679566935929,0.130787006732192,0.0768032785746777,0.103885505723576,0.0975983620314542,-0.023762626586411,-0.190841198475069,-0.161822420894921,0.0576364296844922,0.189767994525961,0.14240578173532,0.0132954081434561,-0.0786689867051229,-0.103942115815562,-0.0349112102867754,0.0218136595891714,0.0265093081960791,Leptodactylidae,Adenomera,AdenomeraAndre,6
1,0.493417396637971,0.0186062158708727,0.142533675584927,0.340776827441641,0.439392610843717,0.225481681617823,-0.082200872864636,-0.150272067368882,0.0864459835789359,0.1685280672926,-0.156452776407045,-0.245634853741685,0.0590223237137462,0.323137070300226,0.229784547647486,-0.0525950380940946,-0.272939400656543,-0.31064569520033,-0.0644847645500916,0.242749577129317,0.268968267742714,Leptodactylidae,Adenomera,AdenomeraAndre,6
1,0.367502163613945,-0.0385923989659118,-0.0777523281260991,0.0739898780374059,0.172601121001987,0.198507422862873,0.113923799117503,0.101755693862099,0.0755574962823662,-0.0779067658471321,-0.237572085985973,-0.180543634560699,0.13547287322635,0.275873957436039,0.178088733574039,-0.0130677310168418,-0.141388970040961,-0.174248866214626,-0.0512538233426117,0.0864334122228947,0.0727696888496558,Leptodactylidae,Adenomera,AdenomeraAndre,6
1,0.427677865315345,0.00565590131303999,-0.0680126160890688,0.0138160554656644,0.157049387250063,0.195444926634092,0.173675387818619,0.157143863544346,0.0296881248888846,-0.119798940091767,-0.22205352883702,-0.143848715596122,0.0637007790200245,0.209226219013051,0.186827140188137,0.0209622805421449,-0.0998033538092209,-0.161336449851897,-0.12887064145269,-0.0354141083165545,0.0565098164285214,Leptodactylidae,Adenomera,AdenomeraAndre,6
1,0.215560793844839,-0.0666098928467612,0.11877164418085,0.343612440693544,0.231313158384361,-0.0585907485024562,-0.00721557047457815,0.245824485649292,0.181109113072009,-0.137349032105016,-0.269238426242394,0.025680424249066,0.378412034901711,0.302042733438903,-0.0858371519407413,-0.326701529719716,-0.164109511680242,0.138580960781183,0.211524142462966,0.0994367057216892,-0.0684180643478321,Leptodactylidae,Adenomera,AdenomeraAndre,7
1,0.255951420509956,-0.0393755779149547,0.123658084163679,0.296829109414613,0.220399376702232,-0.0591608243408505,-0.127484200845706,0.12564928974736,0.128832794783068,-0.052806334373691,-0.204842697959628,-0.00661030310814707,0.261858646421156,0.329841048412568,0.00563050688077253,-0.260132252698067,-0.151803952144984,0.118786494050251,0.165850681671404,0.0308595963541515,-0.0679418392473393,Leptodactylidae,Adenomera,AdenomeraAndre,7
1,0.160052537061247,-0.144839263032909,0.0242547535759326,0.3066502524998,0.252848321732852,0.000615234840131132,-0.0564579676453492,0.155929919959852,0.0924564586317334,-0.158367212028815,-0.201494181786473,0.0598472177583065,0.311920575007074,0.333759667425237,-0.0476845502637812,-0.36378215025846,-0.258187811909834,0.0633115656928441,0.180772039951156,0.10302889814968,-0.0768426256091086,Leptodactylidae,Adenomera,AdenomeraAndre,7
1,0.189746792071533,-0.176852522771509,0.0844177973703844,0.359716259702065,0.233502695588438,-0.0152459845543546,-0.0938734934311396,0.0944744837987126,0.0736900140215291,-0.121235423571746,-0.22358045987623,0.00750003829698205,0.324172009037782,0.334655211071466,-0.0817085366935959,-0.372211172298962,-0.231007033304546,0.0753309094382495,0.11898003846355,0.0356390649912261,-0.0152917656835576,Leptodactylidae,Adenomera,AdenomeraAndre,7
1,0.498515238977594,0.65735535192189,0.538646154894288,-0.247691906626276,-0.057266517575781,0.432238439016944,0.060815070723493,-0.272202029576215,0.137950799902764,0.253820670787433,-0.158963856058939,-0.0941067611266874,0.175825943819693,0.039112290612248,-0.10780660130391,0.0604192211080267,0.11588091704215,-0.0711609121039676,-0.0204734551727228,0.0510388919625181,0.0179443503353904,Leptodactylidae,Adenomera,AdenomeraAndre,8
1,0.470655179565828,0.734817366464777,0.466577253349872,-0.212117860332239,-0.0402006463914583,0.360333670135313,-0.0539334462609433,-0.308309020438026,0.157524289744285,0.219450813514544,-0.182426169086097,-0.0508971971504792,0.235357737807161,0.0158296114216061,-0.120512177388494,0.0730535415298992,0.0672140017247162,-0.0616718481951994,-0.033122067564835,0.0642294414217995,0.0429027079131986,Leptodactylidae,Adenomera,AdenomeraAndre,8
1,0.133355775645561,-0.0377116218790324,0.113120299514369,0.127625900439691,0.198810972443636,0.139244443090934,-0.0881891794502858,-0.176288460652079,0.0843434769671085,0.183595322543181,0.0070304533010172,-0.0444445182485261,0.0693574389000705,0.0136893591796422,-0.0641600623295893,0.077468978115941,0.0991460483450617,-0.0831374141474061,-0.173522206574233,-0.0609101059576265,0.0111927691030979,Dendrobatidae,Ameerega,Ameeregatrivittata,9
1,0.242469910405398,0.0975477906402604,0.110231180605901,0.0932927946439212,0.121995571113654,0.093401333809576,-0.0357636694132954,-0.126751742103693,-0.00565652416653769,0.122969075523837,0.0297484289416801,-0.0113588365713337,0.0557457845744444,0.0038482094278345,-0.0567322842570679,0.0333998813159328,0.0670749357140515,-0.0215095706782146,-0.0599275389972534,-0.0257497814029814,-0.0231506502829835,Dendrobatidae,Ameerega,Ameeregatrivittata,9
1,0.52488187673131,0.467346379594294,0.317768883724501,0.0992539063193303,0.146277483429527,0.025554426822926,-0.00421696879846504,0.204221364702937,0.0883580619648274,-0.0958377251476406,0.0521633229263413,0.100759696112092,-0.0100524324081189,-0.0460323787429666,0.0133322961502312,0.0139601066490032,0.0541430678776081,0.0333441214602123,-0.0410734156059054,0.00639671970612308,0.0702014958456362,Hylidae,Hypsiboas,HypsiboasCordobae,41
1,0.108441691215425,0.403435696880726,0.334807421094055,0.160209240022227,0.221719626781272,0.0770379770643108,-0.157261766767575,-0.0456175796953455,0.102744596736492,0.0867453158859857,0.0569898745106998,0.0500496206089208,-0.0549778982678942,-0.133842649923015,0.0177994583258488,0.104862677386995,0.0212569028857746,0.0180308284416722,-0.0179741959790573,-0.0766360347463538,0.020622877499933,Hylidae,Hypsiboas,HypsiboasCordobae,41
1,-0.00793195773164843,0.490217595664584,0.335941276069215,0.13137226863237,0.240439771037235,0.05266225006847,-0.18609997761974,-0.0551127886451251,0.0922969825752341,0.114073423618318,0.0299484946054073,-0.00740714694965434,-0.063817415705478,-0.106562374430643,-0.0144732636518193,0.135383645405078,0.0491347707927947,-0.0130302221987648,0.000412253555885693,-0.070788093889224,0.0215506142165925,Hylidae,Hypsiboas,HypsiboasCordobae,41
1,0.112911476633348,0.459675692635585,0.3379358316684,0.13537411923143,0.215206487872329,0.0531228024770596,-0.128995249396289,0.000151363294236467,0.0947580657047926,0.0996713906730458,0.0490002714750027,0.0292550445404139,0.00470266324742614,-0.0726954322690883,-0.028545967568542,0.11090401479322,0.0402643086423828,0.0158056475149116,-0.00892401402379617,-0.0500058058181668,0.0306684583603869,Hylidae,Hypsiboas,HypsiboasCordobae,41
1,0.463355916336343,0.484391123688694,0.378100621575632,0.0699593816274544,0.156139636614148,-0.0375163395910065,-0.0563276954654479,0.171789604632655,0.05406726330519,-0.182658942415354,0.0130213382949003,0.0281221229281819,-0.164367126677768,-0.111670340415093,0.00772935243968815,0.0213104395193515,-0.00356739000210675,-0.0135277673600282,-0.0151941315345122,0.0794231877300519,0.120098488448559,Hylidae,Hypsiboas,HypsiboasCordobae,41
1,0.104113576308529,0.33718447163237,0.325138089629346,0.164892579057945,0.227608669203447,0.114779283886594,-0.151315601783112,-0.0341016827303181,0.108991673972924,0.0973158303065327,0.0709723991343446,0.0767340478337433,-0.0480786592149251,-0.110984275227125,0.049810968513352,0.114405559144087,0.00115265106270815,-0.00412078371836447,-0.020559175483688,-0.0674431436754678,0.0142075206608872,Hylidae,Hypsiboas,HypsiboasCordobae,41
1,0.440248525444764,0.364981042897386,0.575525699303052,0.17601268011522,0.0246571467488784,-0.0164968537121781,0.0619577789204232,0.277811760266891,0.121279471684487,-0.229641294598991,0.0388737543684145,0.349401959659597,-0.0742429565375923,-0.348997521829361,0.034551116125041,0.203936934613971,-0.0169054120277198,-0.0661226932577476,-0.0535239054586764,0.0168350354255318,0.162059558282499,Leptodactylidae,Adenomera,AdenomeraHylaedactylus,22
1,0.450615347298396,0.345239620260034,0.55737129711269,0.154803598765636,0.0256704039284574,-0.014501747674644,0.0248326634411572,0.24170854879944,0.091348827255549,-0.291303242309963,0.0058241084032999,0.326465446202777,-0.0635016571177944,-0.338398928218859,0.0445557180957257,0.250562323356708,0.0141177581460848,-0.0473054656421588,-0.0674919425110911,-0.020743358415513,0.118341130383085,Leptodactylidae,Adenomera,AdenomeraHylaedactylus,22
1,0.374841268986971,0.284144664264089,0.533768596469262,0.178845150898854,0.0018878655750561,-0.137184277051695,-0.03995881733182,0.269357546839326,0.0867026378593704,-0.392193792587235,-0.0567159509078757,0.334106483160452,-0.0571602465527257,-0.316423081883383,0.0817184593743941,0.292730075139091,0.069086233607222,-0.0766859041188709,-0.0975225489113733,0.00795918574754645,0.181391044600183,Leptodactylidae,Adenomera,AdenomeraHylaedactylus,22
1,0.109227963219989,0.410076353730177,0.351156819550763,0.192727287632708,0.110014935666992,-0.0859556696415893,0.0618256186016092,0.0954297406131366,0.0105248397721339,-0.0135930217087355,0.048775495775435,0.0544030117116086,-0.0310364287550943,-0.041264111270326,0.0389897364856975,0.0277130767735811,0.0197609061055748,-0.0201292261701396,-0.00656100467922008,-0.0121708555873924,-0.00435978307250942,Hylidae,Scinax,ScinaxRuber,58
1,-0.0852918565231847,0.101779614359259,0.139570710034064,0.084907924125202,0.0725036673375766,0.0417242988446367,0.182466235707096,0.14533847532516,0.000592345056523335,0.00253627308168275,0.00881064399683133,-0.0426529939277505,-0.0301662621379583,-0.0243301611669412,0.0181359776005046,0.0188662629073356,0.0249172858555171,0.0375561296564538,0.0385700092551993,-0.010416046160802,-0.0300001171261768,Hylidae,Scinax,ScinaxRuber,58
1,0.0088042779358939,0.161621161566332,0.159735941518191,0.116964127235975,0.0743990449341577,0.0155321252530357,0.147790763861976,0.114122114309304,-0.00496270146514218,0.00268558766235471,0.0025117269101818,-0.0349237238958695,-0.0353613609293393,-0.008795738835554,0.0466250015899309,0.0258397689354462,0.0196193516501442,0.0213186989126356,0.0147696943579801,-0.0134993777131409,-0.0127695015082567,Hylidae,Scinax,ScinaxRuber,58
1,0.0555243533678352,0.17813175469101,0.26763941139455,0.335619051173413,0.150989705744238,-0.161144230613074,-0.0345552960039424,0.0534297363224626,0.0764867664201442,0.0666504324244909,0.0192064186088411,-0.0133483351988692,-0.0586386858746221,-0.0160951055635323,0.0762577013532021,0.0375108081743116,0.0080808707504159,-0.018887744264891,-0.0128973234942287,8.91218916430051e-05,0.0155883708281517,Hylidae,Scinax,ScinaxRuber,58
1,0.0485107299810065,0.430941299978046,0.410352676873041,0.269192784882482,0.0581444958426673,-0.231762010841825,0.0980048557039238,0.0929097963339221,0.013734602859811,-0.0601143673143468,0.0352296739639395,0.0761792183042343,-0.0748287418458338,-0.0789482238423998,0.0683060211629196,0.0168472021696937,0.00730782360908445,-0.0315699139187722,-0.00467000368907793,0.0020973204619872,-0.0137207420426334,Hylidae,Scinax,ScinaxRuber,58
1,-0.117778415430792,0.117082706399645,0.333777043787544,0.383093349907834,0.179308230437706,-0.149328733177763,-0.0567689799710257,0.0168958586961696,0.0952741269443275,0.0807015404077904,0.0231736319483861,-0.0206022605112514,-0.0505790500844654,-0.0102873724094221,0.0692367255390977,0.0326117878514445,0.0248158493385714,-0.0182841924605465,-0.0265784051630447,-0.00760283899953638,0.0150874919761106,Hylidae,Scinax,ScinaxRuber,58

1,0.650843569690181,0.837096824719624,0.309365245922124,-0.37017396309547,0.384730403451848,0.302869341434321,-0.275328052376987,0.0962682878903931,0.323073431528277,-0.180837960884548,-0.0973283758835054,0.247168246034508,-0.0387852590952448,-0.145320917932287,0.0844587252516972,0.0429488985340087,-0.0762254324578274,-0.0227308052854315,0.0196594575835471,-0.0517021452043192,-0.0600713122711523,Leptodactylidae,Leptodactylus,LeptodactylusFuscus,45
1,0.481460877510274,0.833894795948244,0.295217184363664,-0.311637037404734,0.322104309182791,0.237155095240965,-0.273886323325354,0.0559941529545083,0.259013544567203,-0.128143115786442,-0.0785717488297822,0.200395966350059,0.0387645503349029,-0.0604665197450769,0.121327064428695,0.109797626549126,-0.0377429221565828,-0.0147563367368165,0.0621487851131197,-0.00218594109591157,-0.0465627304758686,Leptodactylidae,Leptodactylus,LeptodactylusFuscus,45
1,0.802525490399194,0.860504210114458,0.278304982131263,-0.354484961556489,0.467761946488232,0.351261063578828,-0.328941911719617,0.0918523941599193,0.303966112830007,-0.16625474580577,0.0158414806649228,0.3220283172406,-0.0220981650471334,-0.123194995762092,0.142298501006748,0.0413353501580932,-0.112902643395621,-0.023104786821103,0.0501167267136939,-0.0138736628037855,-0.0730841570182983,Leptodactylidae,Leptodactylus,LeptodactylusFuscus,45
1,0.570419198986913,0.859641140986477,0.218380255517549,-0.256091006936367,0.425730073813175,0.175982047690658,-0.279286664094362,0.18687547261506,0.271008810779227,-0.13063214514996,-9.95834950110168e-05,0.182628068733774,-0.066357192533034,-0.10267834754773,0.098171221713605,0.0619235820076145,-0.0664553514036556,0.0229410647089616,0.0602182434344421,-0.0162887234311471,-0.0232498956445251,Leptodactylidae,Leptodactylus,LeptodactylusFuscus,45
1,0.490403215339546,0.873362269817237,0.195504532037975,-0.282637380860258,0.393738172700364,0.165063532399444,-0.269934752444868,0.115822611956034,0.201978075592276,-0.136873446769987,-0.0272082099819103,0.198156253676917,-0.00460967300059623,-0.105340141152397,0.119046579109186,0.0830700800342302,-0.0800335885346802,-0.00758898665730928,0.0335338638369672,0.00369525127709087,-0.0298199990715077,Leptodactylidae,Leptodactylus,LeptodactylusFuscus,45
1,0.4011201737801,0.712137322052446,0.21741238869446,-0.122853832036256,0.368236578278248,0.150246010097595,-0.199034274453143,0.116690248406091,0.199410431478939,-0.0721744492998003,-0.0932953987952952,0.0507466179575571,0.0860588448356612,-0.045240041918872,0.0195559087833394,0.0629136165908358,-0.0726187000736237,-0.0289702729359809,0.0811235845701174,0.0524862694489562,-0.0393438776296428,Leptodactylidae,Leptodactylus,LeptodactylusFuscus,46
1,0.456344451036593,0.904182097816221,0.178128639827278,-0.256002166529716,0.341687433656741,0.0647803505749041,-0.172449988079517,0.150222126982866,0.0175077492173917,-0.116708710811663,0.0938375981206451,-0.00532861823158348,-0.0118675442067391,0.0592457780660579,-0.043378524137926,0.0200564819655778,0.016183294187817,-0.0791045597251216,-0.0279322262081874,0.0691150191311596,0.0411895460548883,Leptodactylidae,Leptodactylus,LeptodactylusFuscus,46
1,0.430492729792024,0.780516603737156,0.184070901920695,-0.182633896844581,0.304559585401364,0.177007707376778,-0.195102503174645,0.127948202316395,0.23462571267368,-0.1061559454993,-0.0336461771899297,0.0741564360830404,0.0985439978849503,-0.0741531516767047,-0.0102732367736991,0.112660859301217,-0.0498560647148389,-0.0319876169211927,0.0536727386779028,0.00997686792115518,-0.036831346891366,Leptodactylidae,Leptodactylus,LeptodactylusFuscus,46
1,0.303636112370258,0.839272070994287,0.277353478924371,-0.138828910858819,0.351536005196064,0.184389320120705,-0.211278165582048,0.0860950131431275,0.221437011074469,-0.055100578365992,-0.0834807913430758,-0.0194972937768003,0.108767288674427,0.00477937025100777,-0.0376585101309301,0.0906332469425723,-0.0268797082326274,-0.0617555790292189,0.0698347026423662,0.0742845115198729,-0.0458129550967357,Leptodactylidae,Leptodactylus,LeptodactylusFuscus,46
1,0.613427575505672,0.929259119117345,0.155923164367192,-0.127318220990022,0.421118613226236,0.029763805964397,-0.0975784814916422,0.156268527197722,-0.0372507706534769,-0.0302471522735123,0.117591519962335,-0.122741502710123,0.0138081098347206,0.0729669016966408,-0.065601057279084,0.0697449429086319,0.0172224961762349,-0.101997003927159,0.0440912841781649,0.0582948105790957,-0.0603340262583843,Leptodactylidae,Leptodactylus,LeptodactylusFuscus,46
1,0.423609748200717,0.765729149307891,0.174338009651947,-0.174805281590715,0.32562493720836,0.168072194225275,-0.212808510707962,0.118570214470807,0.228954946136209,-0.095962402120118,-0.0274229347720734,0.10054805948541,0.124346977391109,-0.0344992724326467,0.00519888966379469,0.109026679930404,-0.050190443591108,-0.00526678251342169,0.0603996761563455,-0.00403359253757831,-0.0542218538450804,Leptodactylidae,Leptodactylus,LeptodactylusFuscus,46
1,0.318999559100403,0.784898231906755,0.28292225860112,-0.251249285110373,0.325930574864064,0.218755157958376,-0.243417335782282,0.0472153956095103,0.201186658629284,-0.0456889331300487,-0.041527036432615,0.0357770312221183,0.119007874684046,-0.0169596645701682,-0.0754360083653629,0.0761199606370753,0.0115738608044978,-0.0679741945726181,0.0240150772993797,0.0680732096157365,-0.0382617750312959,Leptodactylidae,Leptodactylus,LeptodactylusFuscus,46
1,0.404309844318399,0.773562865032175,0.170367797494459,-0.182372633561805,0.345797601022056,0.120250036461714,-0.231376904481491,0.105374560993666,0.171298681987836,-0.123116402065514,-0.0829883009066989,0.0901549744919433,0.0984094167756879,-0.0745191654693845,-0.0116399799932138,0.0778950818787557,-0.0609140795791909,-0.0387174525302672,0.0454565595797594,-0.00837270100560773,-0.0592624104912875,Leptodactylidae,Leptodactylus,LeptodactylusFuscus,46
1,0.460879536350537,0.926885164265396,0.242156760382746,-0.153083660025486,0.378960683600714,0.0980811987178473,-0.121248453982623,0.165792568751596,0.0508766100427263,-0.0926386282228021,0.080388282983904,-0.0160724853783694,0.00430925478591896,0.0926365588857237,-0.0685000745687244,0.0190008497304817,0.0256782704802101,-0.0772452586296143,-0.00741165363552918,0.0525340161696798,0.0368275275983909,Leptodactylidae,Leptodactylus,LeptodactylusFuscus,46
1,0.41684052456314,0.756532278382132,0.2033312456083,-0.159101235718339,0.327732301584774,0.1432008827474,-0.209528041265728,0.146211332546393,0.214483923908364,-0.0831673757451899,-0.0503754118335532,0.0775454058109083,0.106976821700162,-0.0534951951519874,0.01053383201438,0.0532591950033091,-0.0916697785430153,-0.0472404458806801,0.0554668712411122,0.00241296724906054,-0.0727542665528689,Leptodactylidae,Leptodactylus,LeptodactylusFuscus,46
1,0.439900063822956,0.84841871090581,0.167284229304596,-0.171916102328602,0.40306968968029,0.0544978570883835,-0.151972394967859,0.159267093246558,-0.011292270574065,-0.0688118629789942,0.105504550520318,-0.0338561768833455,0.0193561078885694,0.109911708623128,-0.000659796937900253,0.0013369775004913,0.0344009485191487,-0.0445818139462788,0.0500235049852863,0.0867150492285831,0.00326290484455634,Leptodactylidae,Leptodactylus,LeptodactylusFuscus,46
1,0.377080137053012,0.728079764138206,0.190774008150343,-0.161299864140882,0.377606764646665,0.118487662530199,-0.218107600784047,0.111993484028185,0.197851881703013,-0.0690235515816912,-0.0958825698155082,0.0764552833555135,0.0878310016631214,-0.0390857234052872,0.0268641440477091,0.0642370107957862,-0.0713547358922465,-0.0398355047667795,0.0740925688961217,0.0315941958886541,-0.0660715300081464,Leptodactylidae,Leptodactylus,LeptodactylusFuscus,46
1,0.37531974309923,0.726709277888261,0.233078718841085,-0.152685961475334,0.336269392949151,0.14681405086755,-0.178006706793101,0.109775311638142,0.108084397894434,-0.0279965384509593,0.0427904855221217,-0.0545389666409202,0.020324567750647,0.0768855559594249,-0.0343236533607854,0.00848898170250693,0.0234995989673775,-0.0402831351850535,-0.0194709732814235,0.0625851450379976,0.0142710587449993,Leptodactylidae,Leptodactylus,LeptodactylusFuscus,46
1,0.359863808556288,0.776643561287182,0.198889786391276,-0.201863611987314,0.306440223731602,0.145737635113279,-0.18242532320678,0.112078563208581,0.233907202315296,-0.0801338498955576,-0.0972310202207462,0.077130272577733,0.0945464909940797,-0.0781922719946629,-0.0375910725933279,0.0688966216428464,-0.0386741851039155,-0.0574295634685543,0.046030825266439,0.0173643798346675,-0.0638810939754397,Leptodactylidae,Leptodactylus,LeptodactylusFuscus,46
1,0.308745996219972,0.851238531143065,0.232020919928819,-0.174735823119888,0.337678062140143,0.175446727875326,-0.225039558939563,0.0355775345098486,0.207803855598317,0.00746979312900051,-0.0629583119259024,-0.0285494176070468,0.101421436203235,-0.010509462866977,-0.0211927035877719,0.115398024974262,-0.0157202560986089,-0.0559574411970125,0.0657632187657558,0.0898945837776474,-0.0124682634179797,Leptodactylidae,Leptodactylus,LeptodactylusFuscus,46
1,0.426424830630963,0.809476943529889,0.204536848835982,-0.15598984901903,0.347920269473195,0.141105323628815,-0.235988538534094,0.0935588438901282,0.206598265689148,-0.0635370186227822,-0.0409031710519658,0.0996339721392882,0.124015431032712,-0.0342536502048718,0.0243603798227517,0.0884684586892577,-0.0855078618409549,-0.045937778590211,0.0665289482667082,0.0220632604332032,-0.0607707986774313,Leptodactylidae,Leptodactylus,LeptodactylusFuscus,46
1,0.471162926504079,0.962062910457533,0.244121146784258,-0.208533326124891,0.355276618060511,0.0985736570206609,-0.0960265953960961,0.151460694718382,0.0296423810735526,-0.00160440365357156,0.114011415059822,-0.0280917287481747,-0.00513725401569285,0.0365032516601159,-0.0800564374045387,-0.00341392108584619,0.0431108356315179,-0.0632371020655871,-0.00646837783736335,0.0485734902101458,-0.0179892936821982,Leptodactylidae,Leptodactylus,LeptodactylusFuscus,46
1,0.409119046518335,0.78137738223677,0.217255279200766,-0.114927416120007,0.34784235744475,0.137104427710811,-0.235816763935004,0.132429355024816,0.252548918543934,-0.143639275631777,-0.0787437088568301,0.100944403391945,0.109453592378151,-0.0451221831571882,-0.0187979796424005,0.080634170940231,-0.0805974383436041,-0.0585507306025068,0.0899330279475228,0.00474445569927439,-0.0588195592970513,Leptodactylidae,Leptodactylus,LeptodactylusFuscus,46
1,0.540633246766199,0.89784498161633,0.212947354670854,-0.137567925276519,0.380269846838096,0.0255884725499893,-0.100661098331864,0.159731103717756,0.0236998056437975,0.0475068201680785,0.111304367653551,-0.0811316969593313,0.0631341588134888,0.0934660108833741,-0.104609939814861,0.0593212530684022,0.0802016975728378,-0.0977230960272632,0.0125772406534538,0.0495864090713701,-0.0715160217004287,Leptodactylidae,Leptodactylus,LeptodactylusFuscus,46
0.716800327158207,1,0.933115407743966,0.282689106818837,-0.375614174812306,0.335478921666727,-0.197556461318918,-0.412757527899069,0.377001207423418,0.290317170548427,-0.204578290913451,0.338006295994121,0.166004158570041,-0.232112969662248,0.0203124548070074,0.308229271084264,-0.0787382860047003,-0.0723742509457257,0.148594326252381,-0.251042427749141,-0.0900452127242804,0.0828142813206421,Leptodactylidae,Leptodactylus,LeptodactylusFuscus,46
1,0.433524733750856,0.758993147217858,0.181871942278525,-0.117534740436084,0.336256772544891,0.117801498794944,-0.190825656687363,0.141470570806787,0.210131815105967,-0.156146199942821,-0.0413314269668728,0.10474429786999,0.0801567449568086,-0.0584197725415687,-0.0270024210597509,0.07472446863138,-0.0493111692004744,0.000579535829714788,0.0710320407229257,-0.0353096351922501,-0.0539312156765854,Leptodactylidae,Leptodactylus,LeptodactylusFuscus,46
1,0.505665337391057,0.754754993616527,0.170904200516617,-0.143672883214949,0.317503429948559,0.115408883212498,-0.149175859980636,0.11860922654768,0.175378919552012,-0.0776525365220064,-0.0292056746924754,0.130677995231358,0.0338360470143284,-0.0648771519196154,0.0682517538681325,0.0801359031927412,-0.0557422827150945,-0.0136653356063076,0.034821922882218,-0.0320487164148733,-0.0708289767093717,Leptodactylidae,Leptodactylus,LeptodactylusFuscus,46
1,0.200591153473758,0.465870175144595,0.301767619204628,-0.134910290129316,0.313870524904634,0.284918587564412,-0.199444631236659,0.00712399414829375,0.151949852527661,-0.208467366882972,-0.0760064228650544,0.364302347646888,0.136045318105447,-0.150305353174245,-0.00958896224973452,0.0294741521318049,-0.015463144951293,0.0621687601843317,0.158579990970726,0.0564628455421836,-0.0849084117024002,Leptodactylidae,Leptodactylus,LeptodactylusFuscus,47
1,0.12137905674285,0.453352946895339,0.385645759051861,-0.109305808219009,0.194323221912194,0.26243449539473,-0.104113284248767,0.00881641663436798,0.114610678540274,-0.175019367452857,0.0115208263808155,0.351669842177167,0.0908929329822022,-0.161469293178434,0.0146198212973999,0.0676172451383371,-0.0507032299235309,0.0106298244168421,0.136882118584852,0.0680603349995618,-0.0978163646706053,Leptodactylidae,Leptodactylus,LeptodactylusFuscus,47
1,0.116609664014051,0.38996713787079,0.333288861417965,-0.106579900069969,0.208287829762654,0.149043475671063,-0.232763963645517,0.104478167919981,0.270017030521454,-0.218237506361042,-0.0842441118249922,0.373457203613553,0.183021425171775,-0.107556089841402,-0.0708322193706266,-0.0525234433376303,-0.0945654346727121,0.0545310388137132,0.173411830861841,0.0332086980771601,-0.117230655748355,Leptodactylidae,Leptodactylus,LeptodactylusFuscus,47
1,0.136678486992818,0.427235226841833,0.337097277010326,-0.112950341001986,0.286794638099261,0.276024546345938,-0.175425421248099,0.0144928991916154,0.157664239410145,-0.208636180223929,-0.0669928788507709,0.340883012082335,0.136032899367312,-0.163165855817437,-0.0489259438476454,0.0339857224696746,-0.0382776483195413,0.029902204856404,0.134940061209289,0.0268422020424403,-0.12339295978791,Leptodactylidae,Leptodactylus,LeptodactylusFuscus,47
1,0.126765843790992,0.509644443277954,0.358567075888488,-0.134865223205835,0.26806027050474,0.20652700868326,-0.159104510040147,0.105192426101878,0.0616548220735369,-0.314513533805157,-0.0464142234728133,0.326531788728919,0.0637516957535725,-0.167315368694094,0.00961730011922802,0.0535483078364913,-0.0888087575547271,-0.0284436130171133,0.126607605139826,0.0568566657887995,-0.124666515377471,Leptodactylidae,Leptodactylus,LeptodactylusFuscus,47
1,0.143385345588382,0.507595110895118,0.400565891184967,-0.105077875703225,0.243738641533957,0.294069901289938,-0.071885072347545,0.0775534681948737,0.0978642469620923,-0.228712541767807,-0.00492456527832502,0.333296156922851,0.0741935370269629,-0.145453779167022,0.0308103323902265,0.101839615140368,-0.0439903836178103,-0.045602995548971,0.131519264034227,0.106804376455744,-0.0807735091110503,Leptodactylidae,Leptodactylus,LeptodactylusFuscus,47
1,0.170326916419596,0.50586611674796,0.309439264933098,-0.101280362353685,0.284007929191277,0.199103448720959,-0.204921434958942,0.0705492535478812,0.167164496928161,-0.236349660859193,-0.083326393323264,0.312255326818968,0.127113704239292,-0.144152717273366,-0.0600766201654415,0.00509977243522869,-0.0204481450485658,0.0608951097624991,0.133696288667275,0.0411021151635248,-0.111632006187532,Leptodactylidae,Leptodactylus,LeptodactylusFuscus,47
1,0.0176307302809486,0.102385634611195,0.392090193568098,0.130394138209323,0.14537675060597,0.163255024057216,-0.0817585026072449,-0.0241172541139764,0.0705466690737058,-0.181850901307256,-0.0926600970299932,0.361795088842635,0.219946261752821,-0.211528437372399,-0.145613212895621,0.0151171380878292,-0.0628719840623325,0.0569963242765019,0.214159097757466,0.0185836168022165,-0.241018612863287,Leptodactylidae,Leptodactylus,LeptodactylusFuscus,47
1,0.142729390607746,0.429537593131108,0.351573224538015,-0.0897705145159129,0.2278943831423,0.241454123584661,-0.137524420902481,0.0422950921135962,0.130860322320449,-0.202202983598673,-0.0258350161667767,0.342575822100734,0.118670943667204,-0.189575605564941,-0.055552109484303,0.0341110123464666,-0.0540807971526212,0.00695529551031771,0.131487496797303,0.078582291301995,-0.0920579783620463,Leptodactylidae,Leptodactylus,LeptodactylusFuscus,47
1,0.233754586643697,0.48458008101629,0.376099012689306,-0.0901675739285817,0.245560941778187,0.253830733093744,-0.141645457033058,0.0156563256092779,0.138268727502952,-0.219703088251033,-0.0587710391471821,0.373056757215665,0.101668836706616,-0.223430186473767,-0.0423455185814638,0.0325227008186842,-0.153004063348879,-0.0117423375477187,0.208707605428077,0.0674194257718315,-0.141784319760296,Leptodactylidae,Leptodactylus,LeptodactylusFuscus,47
1,0.13182862627441,0.134151223644816,0.334258781451803,0.0564438538944727,0.199062781890119,0.314828251142244,-0.00889574688516017,-0.0966586606601661,0.0219236156671224,-0.147824362752702,-0.0207142974416977,0.380767824096664,0.251274876693626,-0.222235344013679,-0.184902154386892,0.0113302988127443,-0.0694000166459422,-0.0438147486264186,0.168911703293957,0.0990427341523125,-0.128625514921124,Leptodactylidae,Leptodactylus,LeptodactylusFuscus,47
1,0.20599672245238,0.515944070563968,0.291582721062425,-0.168149463741501,0.353145993811956,0.326951000804028,-0.174258216165156,0.0373683789307891,0.127580231075421,-0.276346482392341,-0.0241170885749543,0.419629000091548,0.095783197376671,-0.163268758360469,-0.0294793811068878,0.0281656318685328,-0.0456059042132511,0.0336446767188826,0.160480564777189,0.0106611237503786,-0.134786822415291,Leptodactylidae,Leptodactylus,LeptodactylusFuscus,47
1,0.147855359654652,0.431776580822844,0.29394553990144,-0.143093374906548,0.322756901702994,0.323430638016548,-0.143759446665101,-0.0198131915929873,0.0861583751931959,-0.262280304499559,-0.0249347527175369,0.413502803225886,0.11965998030664,-0.189793953435015,-0.0104669257927193,0.0396254970238137,-0.0893978024576658,-0.000331439681671789,0.15701239770779,0.0634812916119386,-0.133096064648709,Leptodactylidae,Leptodactylus,LeptodactylusFuscus,47
1,0.308565535248511,0.32756182735245,0.349002541099374,-0.0958075580175134,0.108732106111445,0.33136121734445,0.0131961644924707,-0.159339585005136,0.00231213067644141,-0.105603803550827,0.0146559001527552,0.386035333551644,0.160395784297028,-0.24284834753682,-0.0669096132416157,0.197955643584808,-0.00866270281468456,-0.158024563286597,0.164298142065738,0.203273321558926,-0.188454578032665,Leptodactylidae,Leptodactylus,LeptodactylusFuscus,47
1,0.0884280680952396,0.324977201393674,0.583659409233635,-0.0110862016211985,0.0252174849123119,0.324029225400895,0.0556286615959542,-0.125458750223334,-0.0245244178175301,-0.19354547782288,-0.0243657393299645,0.413136991633873,0.118563328773527,-0.382332106811278,-0.142125989275039,0.204189472337857,-0.0336781669805974,-0.199777468697931,0.0849252695644515,0.148482203455466,-0.12729328773007,Leptodactylidae,Leptodactylus,LeptodactylusFuscus,47
1,0.0979237370150402,0.495249590995318,0.326546729228489,-0.129482448461558,0.268975077498865,0.240528975344703,-0.0985076051524918,0.0942739812385593,0.0528716212151519,-0.311590724778259,0.0637682850383018,0.432397247941369,0.0368743249124771,-0.196300334525213,0.0207005070365373,0.0957001922527486,-0.0595659838512391,0.015422914615886,0.160948322498355,0.08650068378957,-0.0912719385198027,Leptodactylidae,Leptodactylus,LeptodactylusFuscus,47
1,0.199490941854121,0.495343009739032,0.290527548166785,-0.172933540530221,0.311043560090624,0.32673616444652,-0.18217001485128,-0.00665433452314177,0.105774831418369,-0.25126451802327,-0.0383028182381333,0.384978127675077,0.081671524667065,-0.184856203897355,-0.0242768408302764,0.0436294557508135,-0.0629461180307406,-0.0308223213941427,0.110972908152766,0.0595696336158588,-0.0773821872089929,Leptodactylidae,Leptodactylus,LeptodactylusFuscus,47
1,0.190583601878704,0.516446259635642,0.312709180477193,-0.180597620029156,0.316450624264393,0.321163022746415,-0.147037100013169,0.0226464240616943,0.114210960566767,-0.230883944416922,-0.0170563844142319,0.321275765850862,0.064168950589717,-0.176936268583072,-0.0343242713749403,0.0401210075915442,-0.0445468133970149,-0.00114586964065705,0.139610793851427,0.0825328163142905,-0.108280734058473,Leptodactylidae,Leptodactylus,LeptodactylusFuscus,47
1,0.141641675856587,0.480301288098682,0.340779612279485,-0.126589544085802,0.28796524812325,0.339249003198395,-0.0750036141257882,0.0216756593707881,0.0625922642341461,-0.232232343941017,0.0118959423005128,0.360001149568275,0.0713743181696102,-0.164144549616578,-0.00290098222625351,0.067647660226007,-0.0735783977065367,-0.0404484209557591,0.139976564803296,0.148376631324952,-0.057825043110071,Leptodactylidae,Leptodactylus,LeptodactylusFuscus,47
1,0.208555509412316,0.531567009316399,0.293987642054688,-0.155515605679779,0.297702639006707,0.233130898468842,-0.229281921750099,0.0338395740484536,0.174653873877108,-0.179087822220142,-0.0389444182102916,0.275708008504121,0.0546230164234703,-0.159625827388357,-0.0444665177345455,0.0110666972985435,-0.0355315808583202,0.00609254957670117,0.10400353809009,0.0450333623480799,-0.10611499738676,Leptodactylidae,Leptodactylus,LeptodactylusFuscus,47
1,0.199563260383587,0.534060562716506,0.334588537238488,-0.147384171168981,0.305456184846837,0.305613951348642,-0.183463268498771,-0.00882115367919305,0.140298418907108,-0.227965219761013,-0.0656362160337684,0.269800135942569,0.0460697883509755,-0.177945762216601,-0.0286037116020231,0.0346937602925559,-0.0816214440840725,-0.0465655451566035,0.0974891874537644,0.0966409555510197,-0.104318268004686,Leptodactylidae,Leptodactylus,LeptodactylusFuscus,47
1,0.160465442924948,0.50407948496312,0.318194173072116,-0.19997616898543,0.252326585202989,0.276102279859168,-0.146051872891933,0.0308721099673998,0.0738351716112546,-0.219903593798876,0.0182905984554085,0.318214058407466,0.0434306662475385,-0.187685793194737,-0.0708284441913942,0.0212169834800657,-0.061614756014188,-0.0250324895528916,0.145323352171857,0.118268289783448,-0.106270394936559,Leptodactylidae,Leptodactylus,LeptodactylusFuscus,47
1,0.129587035852809,0.47698905642975,0.352739332996284,-0.123122102977184,0.227819239396418,0.221854079658214,-0.148599961702153,0.0551362288623056,0.135029576370923,-0.220965987437502,-0.0038421554041547,0.293104999107515,0.0585134352771298,-0.172690434461566,-0.00876901231935229,0.0258120226565349,-0.100503514623763,-0.0376527036628173,0.15430145068962,0.108622153969124,-0.128287265851241,Leptodactylidae,Leptodactylus,LeptodactylusFuscus,47
1,0.169666387193688,0.480039513237273,0.320864654783771,-0.144663170788731,0.263609181785429,0.291251752977195,-0.126502826862514,0.0351310319282876,0.124120492682191,-0.183809477962411,0.0167947757664124,0.322614778301369,0.0842902832738541,-0.1257343201262,-0.0114207301463855,0.0309916573044746,-0.0717832974784591,-0.0213358181925345,0.115545685038696,0.0832336924723455,-0.132244972860377,Leptodactylidae,Leptodactylus,LeptodactylusFuscus,47
1,0.160637596306481,0.46592362451726,0.273771274314812,-0.118528543747663,0.372751540738382,0.289853512925096,-0.180911043418008,0.0562982935082702,0.15675296538237,-0.236778463300764,-0.0539875750706201,0.298055053697187,0.0834830339461395,-0.149754864769239,-0.0400531882701635,-0.0142993370186724,-0.0621804777579866,0.0344205590369116,0.128258993440596,0.0457546029034949,-0.100736109404181,Leptodactylidae,Leptodactylus,LeptodactylusFuscus,47
1,0.230328050907607,0.579141788696109,0.229577262802539,-0.157979690923769,0.358348285181785,0.261356819250078,-0.1622594119669,0.0903510403778241,0.0884950726716997,-0.286082274141924,0.0658419685604495,0.367313973880262,-0.00793050032713688,-0.127472057753926,0.0326320514075469,0.0305488312944358,-0.0847104846111321,-0.0226406936629665,0.15830371124932,0.0685234950242318,-0.0777537673755529,Leptodactylidae,Leptodactylus,LeptodactylusFuscus,47
1,0.133464456760805,0.462174676548397,0.32027050975422,-0.122766762307278,0.280490104878828,0.25072528571586,-0.149555258818744,0.0233383022720533,0.0707103815771933,-0.252416023105042,0.0180743869119046,0.374250014760051,0.0454158519341519,-0.190296408401536,-0.0293098492375863,0.0232144415616821,-0.0789478758985455,0.000918212082676907,0.177174579183012,0.0897861582725943,-0.134918850296743,Leptodactylidae,Leptodactylus,LeptodactylusFuscus,47
1,0.126725512254165,0.504152976076691,0.377500921951093,-0.149038922189341,0.242854672104379,0.257119945645,-0.151700742441739,0.0402482546642246,0.0635081665306431,-0.253139303177663,0.033700706591188,0.364091594189394,0.0196231316853671,-0.195125021899035,0.0257289495759215,0.064511511353149,-0.0642724461034253,-0.0107640465206822,0.1563730611649,0.0791445883613485,-0.119465307641713,Leptodactylidae,Leptodactylus,LeptodactylusFuscus,47
1,0.192349382217389,0.550068737270717,0.316129443840601,-0.171697342278833,0.319382856381909,0.287925166676116,-0.197869455466561,0.0430989902516504,0.120409083229525,-0.244792253877597,-0.0366306904048107,0.318752043147444,0.0816151704378536,-0.181411355988589,-0.0569579641856518,0.00805541624422051,-0.0590686818246252,-0.0158203957248302,0.1101588164716,0.0775531743389609,-0.0895994159502676,Leptodactylidae,Leptodactylus,LeptodactylusFuscus,47
1,0.226795200169032,0.51788182044951,0.281498407944124,-0.209900742600307,0.310735128433833,0.292099509213392,-0.170120303738543,0.0506147991365981,0.093565097121511,-0.268424258093648,-0.0196032566944085,0.294546618709864,0.00942605919692587,-0.169684496590057,0.00055292769853489,-0.019589604672199,-0.110929372992519,0.00933755881823331,0.132993087727458,0.0177445740898971,-0.112235735666681,Leptodactylidae,Leptodactylus,LeptodactylusFuscus,47
1,0.111076362310426,0.542407621814226,0.328515874305337,-0.209444034993716,0.231976708478938,0.279878430943003,-0.130699816636854,0.0395504235619303,0.0497404760301274,-0.219914646055103,0.0628419824281655,0.348739846488266,0.03423383837933,-0.184868338024452,-0.00152567331743259,0.105278665018592,-0.0137528528194652,-0.0138955153671495,0.150410021895198,0.133759890058963,-0.0880677112028872,Leptodactylidae,Leptodactylus,LeptodactylusFuscus,47
1,0.219544166890505,0.585050687428185,0.271008841004929,-0.216326580706885,0.316617366715923,0.311316259395323,-0.179107651563469,0.0112331698290723,0.0937003379400047,-0.240353241817086,-0.0194014788013347,0.32942388118565,0.123474657843104,-0.113997385536164,-0.0393605238408798,0.0464952758384876,-0.0226323476455008,-0.0138550362818416,0.110077983774201,0.0579629971713488,-0.0987198455582193,Leptodactylidae,Leptodactylus,LeptodactylusFuscus,47
1,0.219705405895099,0.53189535721301,0.239888475624573,-0.166339895336358,0.335299711873072,0.268785970958424,-0.16937922221705,0.0514295583608466,0.115947934099911,-0.214189584216831,0.00387552485948157,0.303056225751084,0.0942392258626428,-0.148535229447775,-0.0611564805492945,0.0373706309571496,-0.00843812188261307,0.0149687383222412,0.116018492462374,0.0513973090662986,-0.0728957151073942,Leptodactylidae,Leptodactylus,LeptodactylusFuscus,47
1,0.170029008417445,0.604366798133333,0.375602814597381,-0.176202857419764,0.252846967017002,0.227494556582621,-0.136442111887419,0.0582387240774003,0.0654466316097678,-0.271440760978046,-0.00847976757730123,0.309719443942706,0.0480049488154777,-0.165340602984171,0.00447790027724552,0.0792809250331586,-0.0635319394765452,-0.0583410339108411,0.122638561804739,0.114625008906569,-0.0949391771917673,Leptodactylidae,Leptodactylus,LeptodactylusFuscus,47
1,0.269593746109771,0.602603058425159,0.329369193800615,-0.239800006517879,0.297153135144608,0.323426058137455,-0.193715678087785,-0.0298903453804713,0.127834537415177,-0.190736655172326,-0.0177021832448377,0.327952077886296,0.0864159889996943,-0.173614327207433,-0.0277501430225351,0.0417304107046666,-0.0552715388905714,-0.0416863996364343,0.0763902204775224,0.057947373749559,-0.105570809279763,Leptodactylidae,Leptodactylus,LeptodactylusFuscus,47
1,0.263179536260444,0.549725737750349,0.228285230210235,-0.201221156284501,0.350087324056999,0.275389719685165,-0.220219837953163,-0.000612628921685613,0.0790190156099697,-0.239996446445805,0.0467765559037802,0.361386997400626,0.0564334247679637,-0.158438545359403,-0.0109211943113524,0.0209680032842091,-0.0820974850742259,-0.0269963316971182,0.119368475029531,0.0455441136318308,-0.111400141152961,Leptodactylidae,Leptodactylus,LeptodactylusFuscus,47
1,0.196987102768305,0.559345366841404,0.264145037531115,-0.227570826012838,0.301138191522454,0.350194896489348,-0.145818309619469,-0.00944516922346457,0.0676169355239027,-0.233149889354311,-0.00142477378288303,0.336915538274814,0.0435571213478593,-0.186098672862462,-0.0115891018585929,0.0726856924293661,-0.0453589889310467,-0.0534469584113327,0.0911508352453166,0.113343970008395,-0.0850282188802646,Leptodactylidae,Leptodactylus,LeptodactylusFuscus,47
1,0.163361094853469,0.584183257444305,0.32671855576254,-0.230966245765277,0.223067572091167,0.285208142196301,-0.135345032070118,0.0534493181162297,0.0503856500156221,-0.241184281707943,0.0966821731356793,0.336628591850908,-0.000686734944008067,-0.192404508353875,0.0305831819456403,0.104135548645157,-0.0717396489996629,-0.0766294494290052,0.111065393314687,0.101973633824054,-0.0917563245540253,Leptodactylidae,Leptodactylus,LeptodactylusFuscus,47
1,0.251342950488344,0.626494649323338,0.238225083996956,-0.223535263823341,0.412601655844128,0.326805101401448,-0.201315962134942,0.0867670902955217,0.101074953614874,-0.238744994733026,0.112106154048848,0.379588882342675,-0.0431029435127593,-0.211422457722941,-0.006076479116411,0.0456719959247232,-0.0817840950159062,0.00951076874986979,0.122359859336159,0.0119903561554728,-0.121022621899056,Leptodactylidae,Leptodactylus,LeptodactylusFuscus,47
1,0.211692479232489,0.568407922861027,0.243290034843001,-0.26337839546276,0.368039135890447,0.363701854737317,-0.222294706388456,-0.0553550562749257,0.0880637705567921,-0.249576543955379,0.00133883806384181,0.405904503976925,0.118620421200237,-0.165586585734497,-0.0290195880651467,0.0427884267355207,-0.00122971683531658,0.0254453702830156,0.116361775177873,0.0728287746159305,-0.104010298566371,Leptodactylidae,Leptodactylus,LeptodactylusFuscus,47
1,0.192060702043931,0.582065852687588,0.258500160989009,-0.235225836769497,0.345508520089065,0.309671067366008,-0.15341634792012,0.0248074611223535,0.0334555947294672,-0.271302456952178,0.0479337496567443,0.344205975562489,0.0319700163243013,-0.142745526968136,-0.0136261077130319,0.0209808587605876,-0.0879931734550394,0.00504324404217735,0.163425264339018,0.0819988950011231,-0.100689817865725,Leptodactylidae,Leptodactylus,LeptodactylusFuscus,47
1,0.180265157324484,0.633070449033108,0.332446224227964,-0.249183472556992,0.308492488182742,0.396017206786209,-0.138508260709586,0.00991001966770742,0.134826587667034,-0.17164389126473,0.0491065467404853,0.388676686232109,0.0985249127872529,-0.165670209437821,-0.0416039280137055,0.0643420648277389,-0.0346908836144437,-0.0106133117006627,0.105975154750544,0.0896881709721535,-0.0946393500666791,Leptodactylidae,Leptodactylus,LeptodactylusFuscus,47
1,0.194899052973444,0.555662053457786,0.320268120331154,-0.19969043112271,0.315346803482484,0.349498544847404,-0.191033691333718,-0.0430983999696909,0.0751540392240736,-0.231946994910372,-0.0205694494714148,0.300336693070308,0.0380943189457843,-0.199661964739947,-0.0528820893815791,0.0260842849602429,-0.075819531788774,-0.0334306989850245,0.132927953394124,0.103824031017074,-0.09941543823416,Leptodactylidae,Leptodactylus,LeptodactylusFuscus,47
1,0.175281765294604,0.584901137421762,0.337929048891044,-0.206054567146212,0.275545159514691,0.30596161147603,-0.148190941830173,0.0297740800987932,0.0642253340148735,-0.262917613222482,0.0264009603015003,0.35497419857487,0.0354725888135271,-0.192243749534987,-0.00383475274796665,0.112330696510835,-0.0308553218792464,-0.0196456561898822,0.154557183916662,0.108454022512276,-0.111262128531557,Leptodactylidae,Leptodactylus,LeptodactylusFuscus,47
1,0.200994219663775,0.555650453661271,0.270459823291471,-0.182215487199063,0.281410266048639,0.225298558731987,-0.158073977670055,0.0692352783650309,0.0540757410374199,-0.259201950079988,0.0484949890633311,0.334709506321826,0.0267257416962977,-0.195671988757277,0.0184471698174406,0.0906439090787912,-0.0633047487578739,-0.0263959735723367,0.150990375073257,0.119802306060886,-0.0889093619065494,Leptodactylidae,Leptodactylus,LeptodactylusFuscus,47
1,0.189634916371944,0.536614763998822,0.25757772730682,-0.190254846739418,0.353646918436867,0.340487238318867,-0.144416742533546,0.0827496278425091,0.0637949045446514,-0.292840266049512,0.0690418815186362,0.37602809889662,0.0372365033642511,-0.179114688678396,0.0365131412140088,0.0400350743550366,-0.108182323868858,-0.00757970858699829,0.136359761702438,0.0703585129839918,-0.0880349849093472,Leptodactylidae,Leptodactylus,LeptodactylusFuscus,47
1,0.146227891386198,0.556912593189834,0.338518937309033,-0.160211414588267,0.243383544573832,0.247442402283212,-0.141774449235006,0.110252570570273,0.153867543714041,-0.242515750621531,0.0214217070803272,0.376067414650594,0.110734436270268,-0.141851892460907,-0.0337120858387803,0.0165792165522609,-0.040850011698629,-0.000551574176161923,0.0934270162168112,0.0244390151937013,-0.11873199124995,Leptodactylidae,Leptodactylus,LeptodactylusFuscus,47
1,0.140728628095716,0.55364774083623,0.420358734729953,-0.16491260151928,0.307186457453998,0.349276065041398,-0.179731592863964,0.0204156107174701,0.134412634984389,-0.254225584313155,-0.0599531225106486,0.34892833331499,0.115498842768917,-0.171592125348766,-0.0463901463888538,-0.00773038711091614,-0.0787493322067071,-0.00264984825021495,0.12650440050566,0.074541439971741,-0.105043361127711,Leptodactylidae,Leptodactylus,LeptodactylusFuscus,47
1,0.152465100772523,0.523904134615168,0.32908853752555,-0.18397851101626,0.256635618518851,0.304813318282878,-0.173429125659558,0.0197565179322408,0.151633102874039,-0.201004472381884,-0.0323990016566987,0.321501507637615,0.0886180649227122,-0.159182897036914,-0.0351683326756607,0.0425241796631469,-0.0406654031960117,-0.0126367894963217,0.106000704684772,0.0749079078454101,-0.114776252689494,Leptodactylidae,Leptodactylus,LeptodactylusFuscus,47
1,0.129223989030086,0.586006513933241,0.362876320554689,-0.26769301616386,0.21003071931928,0.301490898892474,-0.194786245298055,0.0172621615270704,0.137762565717699,-0.26347372432088,-0.0387832084708953,0.32863730966085,0.078717298765096,-0.207004876658446,-0.0359301894480975,0.064581742085808,-0.0344768770542023,-0.0481742234041864,0.0909279795079703,0.117910108101766,-0.089860156464159,Leptodactylidae,Leptodactylus,LeptodactylusFuscus,47
1,0.126133624735857,0.61466010737379,0.404407676007985,-0.207375315003903,0.270536370262431,0.271249702209616,-0.197829295773999,0.0587205746860727,0.12242331386003,-0.291252233705526,-0.00508083208207001,0.357115505070809,0.0724233890676728,-0.169790543668382,-0.00182956744883801,0.0795274399143037,-0.0634528534755675,-0.074582792500921,0.132263630097312,0.114934298775732,-0.116929283558989,Leptodactylidae,Leptodactylus,LeptodactylusFuscus,47
1,-0.100364071905928,0.259119247587705,0.372317388468953,0.469597190137667,0.242280003538458,-0.22623642740044,0.00269657253417179,0.0750055249278128,0.0491989746534076,0.0604635673580041,0.0429336991319238,0.0279284541162456,-0.0531098108043586,-0.057137142897491,0.0987316354390382,0.0455964089688409,-0.00668230138411408,-0.0123120587341633,-0.0185036577259024,-0.0388221996315763,-0.000326329757657922,Hylidae,Scinax,ScinaxRuber,58
1,-0.121565061555542,0.340593483337167,0.362847276454739,0.210366299422676,0.0781809201176343,-0.0764352833781939,0.0797019513575788,0.0670336646361122,4.07288607962936e-05,0.000772183421187611,0.0100873894452594,0.00329987036399796,-0.0225453577801192,-0.0184300069253272,0.0604814654166444,0.00568129128509237,0.0187055099647957,-0.0250584008018189,-0.0319931498198222,-0.014335779682941,0.00255858856173822,Hylidae,Scinax,ScinaxRuber,58
1,0.0335166985368362,0.111576658662467,0.251868397255989,0.372961637556167,0.201481824299239,-0.179583013144259,-0.0799366535491142,0.0215489354484089,0.0720852440439116,0.0847326310332027,0.0267142096879868,-0.00977472635311802,-0.0410671528096801,-0.0299354873411491,0.0699390747394382,0.0303296355136726,0.00613873404027036,-0.00677882577949295,-0.0176169011504295,-0.00650056087054897,0.0236792495338021,Hylidae,Scinax,ScinaxRuber,58
1,0.0591498017281144,0.381582069299506,0.381091602158731,0.260858252685122,0.0712569144107186,-0.128986547930658,0.0796521162249232,0.0432647559704063,0.0196311534017076,0.028310373086801,0.0476288090696073,0.0347949141983433,-0.0292750316050957,-0.0385692480229967,0.0276216808134766,0.0214565563872084,0.0440892216679619,-0.0156007111835087,-0.0100022488853477,-0.013013484446996,-0.0162028285719985,Hylidae,Scinax,ScinaxRuber,58
1,-0.224352198838093,0.182646518530843,0.247860868326422,0.260834810348456,0.140527118910089,-0.0753558777890612,0.151369372926502,0.13057216392224,-0.00718369345329373,-0.010242545489761,-0.00593527074207753,-0.003542494442752,-0.0544808588992361,-0.00657197185160883,0.10318555115591,0.0306435388531942,-0.015734435844725,-0.0339020263541709,-0.0425019240925804,-0.0124044847048321,0.0422314754110914,Hylidae,Scinax,ScinaxRuber,58
1,-0.105741034432546,0.103935307402604,0.133852709229601,0.0561528117052198,0.0380697193904061,0.0361204905894083,0.213507074431567,0.165346955197987,-0.0100045173384599,0.00532834849401818,0.0212914094249244,-0.0587309459913365,-0.0594139144828149,-0.0259332941979099,0.0279084666191786,0.0393629587561873,0.0625956733536688,0.0530750220284829,0.0599923536147919,-0.00807357700067859,-0.037327385703147,Hylidae,Scinax,ScinaxRuber,58
1,-0.0334759784513311,0.0893079444228434,0.162215952939915,0.172582356029358,0.106712015267305,-0.00703100850431353,0.0806450783612737,0.103986867197057,0.0485670863991939,0.041404907403862,0.00114343546415328,-0.0557422072739622,-0.0420166273778198,-0.00239296634949313,0.0458197480056765,0.0336706122844918,0.0198930975871171,0.0132603633489896,0.0214691343712282,-0.00167537658198447,-0.00994880942183009,Hylidae,Scinax,ScinaxRuber,58
1,0.271782301023161,0.349683167448902,0.293390331528364,0.138865977808586,0.0301084914536669,-0.0531828934377462,0.108474883832523,0.078145191020278,-0.0184170954062239,0.00163863236248799,0.0319249131477508,0.02015511532184,0.00507706466888793,-0.00918615815309955,0.0274228559491074,0.0110771099011017,-0.00504773495373726,-0.000983593464694355,0.0203972098592725,0.0102830800898439,-0.00594634823814021,Hylidae,Scinax,ScinaxRuber,58
1,-0.0295945967690966,0.425474447249882,0.256916857867812,0.0209720971794706,0.128355874201925,0.158103433140158,0.184029793151903,-0.0927884546509608,-0.221891076677891,0.0169756780435267,0.140018235185534,0.140940552633135,0.0706702423143269,-0.0618848103099697,-0.0868912855363194,-0.00659121731615727,0.0180773631486825,0.0931773562004904,0.0429759328571615,-0.0134579859095262,0.00729425901576391,Hylidae,Scinax,ScinaxRuber,59
1,0.0843365501092307,0.394625608025224,0.266609801850767,0.00953195548552197,0.0709936008674449,-0.0701272699868299,0.289415076606554,0.0441650317269796,-0.373245819770568,0.00991171425399251,0.17165643290842,0.137462674558598,0.139272518857656,-0.120082283516766,-0.184693742630485,0.028766292265765,0.0498540694482764,-0.0215608817683769,0.0901898666966958,0.143941120432274,0.00799940018047771,Hylidae,Scinax,ScinaxRuber,59
1,0.454874227728911,0.709776240557347,0.0687970605047612,-0.242496312440117,0.33334869765977,0.074797591441903,0.0952120880934522,-0.0284608193744968,-0.0667226966179407,0.421858931709539,0.136314567822844,-0.00946646619910219,0.348019935090304,0.00881111724041339,-0.258641567800216,-0.0260411050516877,0.0411508681556247,0.0104593388193927,0.122498110677794,0.0731900680678248,0.0264175521130445,Hylidae,Scinax,ScinaxRuber,59
1,0.246966822312876,0.499631384058085,0.293410404037601,-0.0704286580737817,0.096157656473417,0.0650871151743295,0.0418932592330097,-0.00822335609828215,-0.127104939529371,0.0356791516342621,0.20804163824783,0.0597944499772797,-0.0778896962995785,-0.000684626746245465,0.0890407080449666,-0.0068531122248045,-0.104157874910405,0.0139866940386971,0.0760217426286624,-0.0203532907481075,0.00461783678706942,Hylidae,Scinax,ScinaxRuber,59
1,0.440521729756073,0.44680824416292,0.0386017646398777,-0.108809017252999,0.237975989912392,0.085386079895268,0.126533676469278,0.0461575806211494,-0.0337824432330582,0.328635561671422,0.203369920004812,-0.0441108208329203,0.0405888805133278,0.0346239255503451,-0.0905271950715905,0.0209918647747631,0.0683589708625543,-0.00750439869356663,-0.0327005372939994,-0.0901615657671485,-0.00936022414600932,Hylidae,Scinax,ScinaxRuber,59
1,0.178194936963084,0.450425762605897,0.292218647940905,-0.0730426043003079,0.0816707077693074,0.0443548694606719,0.12771822902875,0.0868359177626309,-0.133599041760213,0.00720677293203209,0.211157666119638,0.0848624209851273,-0.0821058609269436,-0.0606331587251376,0.05707697423622,0.0120730171900706,-0.105067564638702,-0.00796699882810454,0.093042467677092,0.0211428442689674,0.0249517294156681,Hylidae,Scinax,ScinaxRuber,59
1,0.230254335163272,0.287275797935983,0.0785090922147011,-0.0434837292883147,0.0707684176830741,0.0814547159749514,0.052402665020671,-0.0540179048525766,-0.0574575930128756,0.123554459541747,0.113748424433945,0.0240765668228357,0.0387093491747398,-0.00594474675074848,-0.0327096627961475,-0.0205693558344894,-0.0281796348330912,0.016039768051507,0.0255003804805138,0.00315011658845015,-0.0236732932358262,Hylidae,Scinax,ScinaxRuber,59
1,0.110793463940181,0.29779524218092,0.141716785633401,-0.0774529802776535,0.0267130941115891,0.0695897225758092,0.0950399341305295,-0.0181613863128737,-0.0788216186778777,0.0751824762791764,0.09987544995975,0.0471477969390027,0.0218573194188029,-0.0104232622849838,-0.0336280202050894,-0.0217241751560306,-0.0165835574701356,0.0252837664662505,0.0378170872801707,0.022647713067137,0.0157903663021852,Hylidae,Scinax,ScinaxRuber,59
1,0.283196684702509,0.800029533236545,0.14168639403199,-0.110190463310781,0.226055866899848,0.0914092214225976,0.122588200267317,-0.130679324910122,-0.138154651846455,0.345769688817334,0.173793811349117,-0.044278794152353,0.172930144735859,-0.0561028525989506,-0.272627338390971,-0.00710436930340059,0.100004279889159,0.046841750265349,0.116712662309501,0.0565064034095268,-0.00642102098416869,Hylidae,Scinax,ScinaxRuber,59
1,0.44240840478936,0.645923151156488,0.140602079826397,-0.00552565914608721,0.228227965450621,0.0214743699679621,0.0764790697825863,-0.0648868846476896,-0.129498874643957,0.214794630467896,0.073702349043902,-0.00849590327545953,0.199270560790964,-0.000821660654456734,-0.112361576399768,0.0553801972081764,0.0895830660606071,0.00540766108741925,0.0269602244184077,0.0543244104598819,0.0250529047289136,Hylidae,Scinax,ScinaxRuber,59
1,0.357187936827707,0.44396732607549,0.527125914447988,-0.104747095786625,-0.137401423939556,0.176735834361492,0.393414994937141,0.0978344733939572,-0.143378736813294,0.135947137105299,0.296632660362458,0.0857289772662794,0.0436784462303698,0.0145080683662181,0.00391970378060474,-0.0293426447150904,-0.102098119908345,0.0653784997501157,0.0114951088691563,-0.023939243424279,0.126673635264492,Hylidae,Scinax,ScinaxRuber,59
1,0.132365140660927,0.503935780778532,0.271392299112836,-0.0423918714947609,0.0244873212001318,0.0803167471908218,0.112706073789612,-0.07105837166042,-0.114413783644616,0.114711871365281,0.150809579066816,0.029715714454104,-0.0106582957416719,-0.0254233008250894,-0.00901084385878378,-0.00667741218215217,-0.0703380044535965,0.00396359460935628,0.0325343077789356,0.00297483412626481,0.00272362467320407,Hylidae,Scinax,ScinaxRuber,59
1,0.165383313759973,0.408082161829701,0.270187456997786,0.0153001736783589,0.0189999215749259,0.0252842183788515,0.120438470741756,0.0426048615259111,-0.0539596572229671,0.0389024675198202,0.08432369498484,0.0572043267301887,0.022934346534686,-0.0335688017073554,-0.02484971376527,0.00778512296164542,-0.00223074792578993,0.020593446572652,0.0144994334822047,0.00820800855668149,0.0180227671474427,Hylidae,Scinax,ScinaxRuber,59
1,0.411916312164386,0.32279611854309,0.344182823952252,0.333873086270138,0.0948672419087853,-0.230981797204775,0.276749956680509,0.232506066577312,-0.372218822646729,-0.168460006333861,0.115053753574931,0.112140824193251,0.138802090274777,-0.128107886008439,-0.250079747989049,0.0299240058279391,0.031286298030478,-0.0383671359880369,-0.00783731325629624,0.102444921608008,0.000754663268471503,Hylidae,Scinax,ScinaxRuber,59
1,0.404936095633559,0.726246671903327,0.167376221175284,-0.169259712955572,0.1121538830354,0.0508045277371801,0.0786696921514906,-0.243257714535925,-0.120932700619514,0.324624723305012,-0.0178208280748933,-0.170498444124918,0.244977863343501,0.0529557058397031,-0.204797259531303,0.0904826377182882,0.126233284499665,0.0151623773762653,0.0595308019785318,0.0509050550744515,-0.0269564158104214,Hylidae,Scinax,ScinaxRuber,59
1,0.209223830828264,0.625373194379462,0.246565037318058,-0.108077840737816,0.174846235081523,0.10034704832399,0.0350564342333443,-0.149124791285237,-0.0993476964182656,0.200348223908932,0.109671993735163,-0.0276631319138213,0.0624585757710686,0.0226366402472225,0.00705898470381503,-0.0416096918766552,-0.0394675932942334,0.0860450192304667,0.071944125596651,-0.0215744109107118,0.0360313446501518,Hylidae,Scinax,ScinaxRuber,59
1,0.2428416219014,0.516605989652403,0.263975730443409,-0.0406762508578469,0.0522573625604282,0.0552011408660271,0.125361425101512,-0.0234546977151509,-0.0641916181792839,0.136730176336203,0.0725788009618493,-0.00602422755418119,0.0551262410158454,0.002085752866528,-0.0143391342992293,0.00451771027846246,-0.0133074511690234,-0.00160935511462614,0.0221695038700752,0.0143274846779088,0.00300135714868287,Hylidae,Scinax,ScinaxRuber,59
1,0.153789128606317,0.522557207524395,0.267616644856341,-0.0434991355875936,0.0344357684516549,0.0813046258027287,0.113271555958086,-0.0349060936373001,-0.0555632376384876,0.102680895325845,0.0809704748721997,-0.00900416430034393,0.0144523429264692,-0.00252833221528548,-0.0104708901268682,-0.00564757952912504,-0.0287267743147098,0.0312812253131764,0.033687396007798,0.00524171760884629,0.0149824621495293,Hylidae,Scinax,ScinaxRuber,59
1,0.266710829201893,0.735733580202285,0.233772125481452,-0.0758670783045397,0.14019333453702,0.080211783248252,0.119674674980554,-0.0381304213249243,-0.0332894546221176,0.174651249610129,0.042783791207619,-0.0790083697598315,0.0347208873572124,0.0307512300369537,0.00262090529140096,-0.0274362568776591,-0.00799913503766281,0.0588538558666544,0.00836518712127815,0.0190863952161701,0.0901313740136167,Hylidae,Scinax,ScinaxRuber,59
1,0.183155542726653,0.506970216634455,0.247161629631829,-0.0485034766923538,0.041090439144073,0.0930712501377667,0.109080935308128,-0.0494726964094759,-0.0449913092823588,0.113973091905597,0.0778293103821598,-0.0120190369861944,0.0178397143649824,0.019535165599577,0.00280794640804017,-0.00895949582619883,-0.0342385068574213,0.036488545009914,0.0422047144896378,0.00301721658729539,0.00560248220520397,Hylidae,Scinax,ScinaxRuber,59
1,0.197678777626042,0.553775010054833,0.269270702006094,-0.056261376297003,0.062528467430419,0.0613672063032457,0.0948372636766388,-0.0477915554567522,-0.0630149162037508,0.160146137575229,0.0961854457049083,-0.0156735788853688,0.0189625209861075,-0.000422366268267135,0.0154421448581049,0.0217193159649022,-0.0413956502739949,-0.0136191797792264,0.0103372433610308,0.0179033506455501,0.0221083212874873,Hylidae,Scinax,ScinaxRuber,59
1,-0.673025383989239,-0.27996001243911,0.0659446616522382,0.0868903814655914,0.469023813764364,0.0880193830386568,-0.197498051686093,0.0311804908652748,0.0969186707559945,0.0468394777954787,0.0238805919177584,-0.187354969465592,-0.112333977703711,0.00620288116047365,-0.0334837707266314,0.0520538529668069,0.114138497730903,0.0693528458847039,0.050518782225302,-0.0692806445464506,-0.106641936810918,Hylidae,Scinax,ScinaxRuber,60
1,-0.574238802460291,-0.258301531275206,0.0076440854795544,0.0785663952342154,0.4021318407405,0.0935011938293701,-0.146349530083526,0.0407792336612551,0.105841223437179,0.0765771310907264,-0.0332259400420515,-0.18326747046417,-0.0755136271755786,0.0125609252110437,-0.00118221510267108,0.0628502800666864,0.0380508612320073,0.0191838876837481,0.0277452536760322,-0.109677034213672,-0.131287392415009,Hylidae,Scinax,ScinaxRuber,60
1,-0.515567015691659,-0.219812197024705,0.118472819040757,0.106919243980751,0.471155372777701,0.121195792121826,-0.136494253764504,0.0274855531778056,0.106109677181232,0.0406778099580987,0.0135952850692401,-0.125218603176687,-0.0381049619545377,0.0293939362509422,-0.0225518093546662,0.0490241064390475,0.109761261281911,0.0436039404912326,0.0473691361341298,-0.0181679820960153,-0.0853802803953749,Hylidae,Scinax,ScinaxRuber,60
1,-0.614408990669851,-0.261315401621612,0.0511384961775213,0.0621185198217731,0.501500365212566,0.0965055979475996,-0.155093240011263,0.0356571830470136,0.121933104716812,0.0566585177843978,-0.0104862761194005,-0.219668956038956,-0.0491897362501398,0.0374936042510565,-0.0286171084524355,0.0484535622696648,0.0724199462772995,0.0178232850860924,-0.0214180097588291,-0.0942800106807521,-0.0916000934317731,Hylidae,Scinax,ScinaxRuber,60
1,-0.578837051932347,-0.33150125517043,0.105920969006342,0.0899306523285998,0.456616991573668,0.0791314117161924,-0.133405935047501,0.0564852315183519,0.0932645387670642,0.0502397974843335,-0.0170070699969497,-0.146992646483024,-0.0591788017939703,0.0295804340837244,0.0307415611543102,0.0790746749910268,0.125759055453761,0.044131780833405,0.0176524723431236,-0.0778314157922529,-0.132562989030665,Hylidae,Scinax,ScinaxRuber,60
1,-0.528595243267081,-0.208050865528429,0.103669339974777,0.0865373449575585,0.408475525168038,0.0696102912579462,-0.155216614596997,0.0802866179151411,0.127136276394575,0.0606279409328431,-0.00128752709999008,-0.167805604875017,-0.0723445677534116,0.00894915613374742,-0.0418778424072608,0.0530634090053473,0.0858689385498931,0.0207051811486937,0.00995856044811821,-0.0720032590324436,-0.121693057529913,Hylidae,Scinax,ScinaxRuber,60
1,-0.442138863729951,-0.328403561895222,0.0314524905485307,0.0560174893498603,0.424856231330054,0.073288450394051,-0.140147622153142,0.0430698128035205,0.0876746184448336,0.0219943375727872,-0.0174569930644107,-0.155205946636218,-0.0882725969724354,-0.0099495188989377,-0.0340923938402908,0.0249428256770237,0.0682794839948924,0.0159527448553484,0.0585296274254749,-0.00974576133056585,-0.0809396843639791,Hylidae,Scinax,ScinaxRuber,60
1,-0.616029259872585,-0.302356779953885,0.0634167628750448,0.0956707885301487,0.439929759609484,0.0694140771519407,-0.145533534288302,0.0313537279605531,0.0690732905571612,0.0610478425566615,-0.0286560186660572,-0.153838054056236,-0.0426720080072612,0.0518412886152768,0.0230786003525308,0.0569709922615321,0.0372848004347325,0.0238182305942686,0.0421042264183261,-0.035603261955366,-0.0973426537770481,Hylidae,Scinax,ScinaxRuber,60
1,-0.547168178882547,-0.266779669298915,0.0561151938842191,0.0489468765784259,0.423630646447075,0.0819239718236408,-0.184251813503953,0.0246818047834101,0.111803101362507,0.0998809802541969,0.00624905436265273,-0.159983723665623,-0.0573184129905648,0.0133673949005793,-0.0226090416733863,0.0498314850745768,0.115522266795606,0.0513328977106333,0.0196968344875105,-0.0617638783257276,-0.0786481577758013,Hylidae,Scinax,ScinaxRuber,60
1,-0.520958416111728,-0.258779368624342,-0.0704159183044329,-0.0251285773822383,0.447966657876604,0.180033273347533,-0.0622973344484598,0.0324103661541306,-0.00537921948389448,0.0219052431624745,0.0597104939937443,-0.177199039818541,-0.095316294424705,0.0554390554329364,0.0560846216635554,0.0273924382581573,0.0192660627926138,-0.0577715500670528,0.0377102172178655,0.0477171061987489,0.00143599878765123,Hylidae,Scinax,ScinaxRuber,60
1,-0.512793711377963,0.0563223185859928,0.259676947989007,0.0301396005922072,0.369783488607634,-0.117153845653826,-0.189292409944148,0.248947575225423,0.193566233814589,-0.102387486090448,-0.130238716372856,-0.180657629636877,0.127350266653681,0.123271144328783,-0.0885775949992028,0.0965890619137607,0.255260748305603,0.0470394095654182,-0.0166427245554483,-0.0465980667607275,-0.0558615690337518,Hylidae,Scinax,ScinaxRuber,60
1,-0.591519766033474,-0.268901263251829,0.0500422322235345,0.116960308781044,0.444705876948923,0.0592675806877505,-0.158388587227092,0.0666480867155471,0.0839239699456212,0.0221054928847723,-0.0260865778982993,-0.134072256720754,-0.0722214323535505,0.0222830339607005,-0.012292604357051,0.0744444590911006,0.11799622609445,0.0455217181768887,0.050733831464871,-0.0347569638508034,-0.0851313428925875,Hylidae,Scinax,ScinaxRuber,60
1,-0.507564434722822,-0.249969403951803,0.0317808588540654,-0.0798877873063216,0.484274310154016,0.125143405703591,-0.0695552209072664,0.114264933208045,0.099647094254203,-0.0268691194251887,-0.0228039860879236,-0.25026382563791,-0.0580017207706368,0.132482068233094,-0.0168651098948413,0.0115236171248789,0.111997637904665,0.0158864604204896,0.00863645499997103,-0.0219325921378558,-0.0696923436597001,Hylidae,Scinax,ScinaxRuber,60
1,-0.512598889748812,-0.171955852114749,0.325813053460798,0.16960031743533,0.421566711330116,-0.12374912889,-0.298283718032487,0.0893817191662339,0.243901957418013,-0.0320898423410748,-0.0917309379194811,-0.199667428857921,0.00819537232982229,0.0945192939668928,-0.00775583645446289,0.0212252071002673,0.157321087596579,0.0428466809493752,0.00685230914152994,0.00543899415133501,-0.0136927851593261,Hylidae,Scinax,ScinaxRuber,60
1,-0.558545596041558,-0.238442231327449,0.0665273521206745,0.123090318020964,0.395953339947125,0.066522269212262,-0.152216198950766,0.0782935700114703,0.094184334670119,0.0462192387778265,-0.0138920839774919,-0.153246332698858,-0.0714211350371313,0.0541506075859112,0.0153414078777366,0.0342024208982311,0.0405404025292619,-0.00375456209265909,0.036059369086517,-0.0318529847000944,-0.0902058450396786,Hylidae,Scinax,ScinaxRuber,60
1,-0.554504037019607,-0.337716710841535,0.0355334590503803,0.0345113239782944,0.443451112524509,0.0938887716651172,-0.100752524801833,0.0370870409878104,0.0810745899840643,0.0659046825316512,-0.000716631375984365,-0.145668022572544,-0.0593642421236724,0.0242062688547355,-0.000861474786893838,0.0694299004738766,0.0710013794763056,0.0215908329852933,0.0524494375476657,-0.0218602972882912,-0.0798599600215864,Hylidae,Scinax,ScinaxRuber,60
1,-0.517273069203967,-0.370573645418433,0.0306731954922253,0.0680969662108772,0.402889595613644,0.0966278967218619,-0.116460354438292,0.0637271295679076,0.089033920122507,0.0385448334583175,0.000856386830606722,-0.164674783657148,-0.105600313183445,0.0307668920332035,0.0064568892426102,0.0611271326639018,0.0689779189822318,0.0177454313788708,0.0464613822408519,-0.0154184947738101,-0.101892211308697,Hylidae,Scinax,ScinaxRuber,60
1,-0.582556780749031,-0.343237394473775,0.0294678468365923,0.0641794634592213,0.385595605243547,0.114905286180925,-0.103316768772006,0.0703695007921672,0.0813167612414816,0.0627478719941224,0.0118678577648127,-0.150024574891422,-0.0786146497430261,0.024861482089867,0.00869591077224481,0.0824741587492605,0.0777707150754516,-0.00968774072684392,0.02783380016501,-0.000530614769783166,-0.0804253341452265,Hylidae,Scinax,ScinaxRuber,60
1,-0.519497158109369,-0.307553060247487,-0.00492150002198673,0.0728653903055556,0.377130684416003,0.0868664413388795,-0.115798874283736,0.0569789862717624,0.0893161330791891,0.0497923328176576,-0.00399707216705618,-0.153119543398785,-0.0753198895569128,0.0229027369415642,0.00192434410773982,0.0517962820264286,0.0690729803918495,0.0179634517413727,0.0418033791178886,-0.0279113833801593,-0.0968953697801283,Hylidae,Scinax,ScinaxRuber,60
1,-0.50883317808137,-0.324105836835993,0.0620676235262261,0.0782111533706131,0.397188461033726,0.094596346502988,-0.117671578686206,0.058874439988621,0.0761804331370678,0.0723466954751951,0.00276044212457265,-0.150554339071385,-0.073414732948406,0.0425171888097626,0.00415755862455826,0.0614552732445453,0.0729831999142823,-0.00397962427264993,0.0315595726281561,-0.0293554758329867,-0.0879096247852919,Hylidae,Scinax,ScinaxRuber,60
